stat_time_day,engaged_view,profile_visits,engaged_view_15s,video_views_p75,total_complete_payment_rate,video_views_p100,conversion,ctr,video_watched_6s,cpm,impressions,cpc,video_watched_2s,spend,clicks,video_play_actions,cost_per_conversion,shares,follows,average_video_play_per_user,likes,comments,video_views_p25,clicks_on_music_disc,video_views_p50,average_video_play,conversion_rate,shopping,shopping_sigla
2025-03-30 00:00:00,1561,68,609,261,0.0,128,0,0.01,1702,4.29,25299,36.17,7138,108.52,3,25110,0.0,1,20,3.98,114,2,957,0,445,3.18,0.0,Nacoes Shopping,NS
2025-03-25 00:00:00,1520,64,701,301,0.0,126,0,0.0,1706,4.05,20392,0.0,5782,82.6,0,20251,0.0,4,12,3.71,114,6,1030,0,502,3.08,0.0,Nacoes Shopping,NS
2025-04-04 00:00:00,375,16,143,104,0.0,56,0,0.0,376,1.45,13226,0.0,1812,19.16,0,13152,0.0,7,2,2.48,23,0,396,0,190,1.52,0.0,Nacoes Shopping,NS
2025-04-19 00:00:00,218,23,84,61,0.0,35,0,0.0,217,1.45,11036,0.0,1237,16.05,0,10976,0.0,0,3,2.4,9,1,246,0,101,1.38,0.0,Nacoes Shopping,NS
2025-04-14 00:00:00,238,13,97,62,0.0,33,0,0.0,235,1.53,10550,0.0,1270,16.14,0,10497,0.0,0,3,2.04,15,0,258,0,108,1.42,0.0,Nacoes Shopping,NS
2025-04-09 00:00:00,292,16,108,75,0.0,46,0,0.0,289,1.67,11029,0.0,1539,18.44,0,10957,0.0,1,3,2.04,20,0,316,0,135,1.47,0.0,Nacoes Shopping,NS
2025-04-17 00:00:00,198,17,73,59,0.0,39,0,0.0,198,1.55,11078,0.0,1064,17.13,0,11020,0.0,2,1,2.02,13,0,227,0,93,1.31,0.0,Nacoes Shopping,NS
2025-04-12 00:00:00,289,31,107,73,0.0,41,0,0.0,289,1.44,11844,0.0,1399,17.02,0,11792,0.0,1,1,2.42,21,0,326,0,138,1.45,0.0,Nacoes Shopping,NS
2025-04-07 00:00:00,318,27,135,93,0.0,59,0,0.0,311,1.52,12136,0.0,1666,18.44,0,12084,0.0,0,3,2.26,21,2,350,0,164,1.51,0.0,Nacoes Shopping,NS
2025-04-02 00:00:00,119,7,50,21,0.0,10,0,0.0,120,1.08,4052,0.0,671,4.39,0,4030,0.0,0,1,2.55,12,0,74,0,44,1.59,0.0,Nacoes Shopping,NS
2025-03-28 00:00:00,1349,52,484,237,0.0,118,0,0.0,1482,3.92,21361,0.0,5266,83.76,0,21220,0.0,7,11,2.8,101,0,1057,0,433,2.34,0.0,Nacoes Shopping,NS
2025-03-23 00:00:00,1684,61,779,318,0.0,122,0,0.02,1906,3.89,15600,20.23,6136,60.7,3,15510,0.0,0,7,6.27,78,0,1004,0,509,5.1,0.0,Nacoes Shopping,NS
2025-04-03 00:00:00,257,15,122,64,0.0,34,0,0.0,252,1.29,9903,0.0,1395,12.81,0,9846,0.0,1,2,2.7,22,0,238,0,119,1.54,0.0,Nacoes Shopping,NS
2025-03-29 00:00:00,1698,72,701,334,0.0,161,0,0.0,1870,4.5,27217,122.4,6956,122.4,1,27034,0.0,0,19,3.51,125,4,1126,0,538,2.77,0.0,Nacoes Shopping,NS
2025-03-24 00:00:00,1419,42,674,275,0.0,98,0,0.02,1612,4.1,13957,19.05,5243,57.16,3,13868,0.0,2,6,5.27,73,2,850,0,439,4.29,0.0,Nacoes Shopping,NS
2025-04-18 00:00:00,211,23,71,55,0.0,32,0,0.0,207,1.46,11584,0.0,1217,16.87,0,11535,0.0,0,1,2.3,21,1,236,0,94,1.34,0.0,Nacoes Shopping,NS
2025-04-13 00:00:00,297,18,122,86,0.0,45,0,0.0,283,1.42,11776,0.0,1444,16.74,0,11725,0.0,0,2,2.3,27,2,309,0,141,1.49,0.0,Nacoes Shopping,NS
2025-04-08 00:00:00,294,14,111,78,0.0,46,0,0.0,291,1.65,11096,0.0,1729,18.29,0,11033,0.0,2,3,2.33,19,1,345,0,135,1.58,0.0,Nacoes Shopping,NS
2025-04-15 00:00:00,236,18,102,73,0.0,44,0,0.0,239,1.65,9880,0.0,1222,16.3,0,9828,0.0,0,0,2.12,15,0,276,0,120,1.45,0.0,Nacoes Shopping,NS
2025-04-10 00:00:00,258,15,98,88,0.0,55,0,0.0,256,1.49,11457,0.0,1337,17.12,0,11396,0.0,1,1,2.22,20,1,314,0,139,1.44,0.0,Nacoes Shopping,NS
2025-04-05 00:00:00,382,21,169,126,0.0,78,0,0.0,380,1.41,13725,0.0,1934,19.34,0,13642,0.0,3,2,2.51,27,1,397,0,200,1.57,0.0,Nacoes Shopping,NS
2025-03-31 00:00:00,623,23,218,122,0.0,61,0,0.0,672,4.28,9305,0.0,2485,39.86,0,9231,0.0,0,9,3.23,35,3,453,0,198,2.93,0.0,Nacoes Shopping,NS
2025-03-26 00:00:00,1777,61,684,341,0.0,163,0,0.01,1979,5.44,24067,65.45,6406,130.89,2,23871,0.0,1,42,3.39,128,7,1393,0,597,2.75,0.0,Nacoes Shopping,NS
2025-03-21 00:00:00,1912,60,856,338,0.0,138,0,0.01,2235,3.65,16277,59.33,7067,59.33,1,16178,0.0,4,15,5.93,124,1,1376,0,630,4.76,0.0,Nacoes Shopping,NS
2025-04-16 00:00:00,228,15,76,67,0.0,40,0,0.0,234,1.65,10125,0.0,1145,16.67,0,10071,0.0,0,5,1.9,10,0,254,0,108,1.39,0.0,Nacoes Shopping,NS
2025-04-11 00:00:00,274,22,109,84,0.0,54,0,0.0,269,1.47,11439,0.0,1314,16.84,0,11373,0.0,0,1,2.29,20,0,291,0,128,1.44,0.0,Nacoes Shopping,NS
2025-04-06 00:00:00,431,26,161,106,0.0,58,0,0.0,432,1.38,14151,0.0,2006,19.48,0,14071,0.0,1,3,2.47,26,0,428,0,199,1.56,0.0,Nacoes Shopping,NS
2025-03-27 00:00:00,1627,69,618,356,0.0,185,0,0.0,1797,5.1,23185,118.34,6267,118.34,1,22994,0.0,4,18,3.16,128,3,1314,0,598,2.66,0.0,Nacoes Shopping,NS
2025-03-22 00:00:00,1812,64,808,330,0.0,130,0,0.02,2121,3.94,15477,20.35,6957,61.04,3,15399,0.0,2,10,5.64,86,0,1064,0,546,4.34,0.0,Nacoes Shopping,NS
2025-04-01 00:00:00,0,0,0,0,0.0,0,0,0.0,0,0.0,0,0.0,0,0.0,0,0,0.0,0,0,0.0,0,0,0,0,0,0.0,0.0,Nacoes Shopping,NS
2025-05-19 00:00:00,1332,22,571,354,0.0,166,0,0.19,1288,2.12,41091,1.12,5458,87.02,78,40704,0.0,1,11,2.25,91,3,1108,0,512,1.59,0.0,Nacoes Shopping,NS
2025-05-14 00:00:00,918,23,379,206,0.0,109,0,0.21,896,2.45,29653,1.19,3973,72.76,61,29265,0.0,1,6,2.43,43,3,656,0,301,1.9,0.0,Nacoes Shopping,NS
2025-05-09 00:00:00,503,12,193,44,0.0,27,0,0.17,489,2.09,34746,1.25,2298,72.64,58,34495,0.0,0,3,1.87,14,0,219,0,90,1.24,0.0,Nacoes Shopping,NS
2025-05-04 00:00:00,930,11,415,193,0.0,87,0,0.39,924,2.61,8974,0.67,2443,23.39,35,8917,0.0,7,17,2.7,65,2,671,0,342,2.57,0.0,Nacoes Shopping,NS
2025-04-29 00:00:00,723,15,364,133,0.0,53,0,0.31,710,2.38,8322,0.76,1790,19.79,26,8280,0.0,0,29,2.4,61,3,541,0,289,2.11,0.0,Nacoes Shopping,NS
2025-04-24 00:00:00,134,9,44,30,0.0,23,0,0.0,140,1.55,8620,0.0,832,13.4,0,8564,0.0,0,1,1.83,9,1,184,0,67,1.27,0.0,Nacoes Shopping,NS
2025-05-17 00:00:00,2058,66,832,450,0.0,240,0,0.1,2041,2.08,55747,2.03,7787,115.85,57,55338,0.0,4,11,2.72,92,5,1573,0,746,1.71,0.0,Nacoes Shopping,NS
2025-05-12 00:00:00,638,26,248,45,0.0,29,0,0.16,617,2.35,31023,1.49,2996,72.85,49,30698,0.0,0,1,1.93,31,0,249,0,82,1.43,0.0,Nacoes Shopping,NS
2025-05-07 00:00:00,320,37,128,86,0.0,55,0,0.0,324,2.49,21443,0.0,1350,53.41,0,21143,0.0,0,1,1.29,15,1,266,0,125,1.24,0.0,Nacoes Shopping,NS
2025-05-02 00:00:00,1009,7,495,194,0.0,81,0,0.25,1008,2.02,10773,0.81,2502,21.78,27,10722,0.0,7,20,2.67,58,4,739,0,391,2.41,0.0,Nacoes Shopping,NS
2025-04-27 00:00:00,133,8,49,41,0.0,29,0,0.0,132,1.42,8388,0.0,780,11.92,0,8350,0.0,0,0,2.16,7,0,177,0,70,1.28,0.0,Nacoes Shopping,NS
2025-04-22 00:00:00,203,13,71,53,0.0,36,0,0.0,203,1.52,9686,0.0,1118,14.74,0,9633,0.0,1,3,2.26,12,1,241,0,96,1.38,0.0,Nacoes Shopping,NS
2025-05-18 00:00:00,1370,60,535,320,0.0,160,0,0.17,1334,2.0,44406,1.2,5620,88.82,74,44045,0.0,2,12,2.28,74,4,1142,0,551,1.52,0.0,Nacoes Shopping,NS
2025-05-13 00:00:00,903,13,366,198,0.0,100,0,0.18,887,2.38,30681,1.32,4024,72.87,55,30336,0.0,1,6,2.12,43,3,619,0,276,1.58,0.0,Nacoes Shopping,NS
2025-05-08 00:00:00,633,18,234,83,0.0,54,0,0.17,619,2.1,45129,1.23,2674,94.98,77,44780,0.0,0,2,1.94,27,0,339,0,148,1.16,0.0,Nacoes Shopping,NS
2025-05-03 00:00:00,920,8,432,191,0.0,92,0,0.22,908,2.2,10604,1.02,2371,23.38,23,10534,0.0,6,17,2.49,70,2,653,0,337,2.32,0.0,Nacoes Shopping,NS
2025-04-28 00:00:00,109,9,44,38,0.0,27,0,0.0,106,1.57,6677,0.0,570,10.51,0,6641,0.0,1,0,1.83,7,0,161,0,68,1.26,0.0,Nacoes Shopping,NS
2025-04-23 00:00:00,179,11,54,53,0.0,34,0,0.0,180,1.57,9465,0.0,991,14.9,0,9412,0.0,2,0,5.53,7,0,232,0,86,3.87,0.0,Nacoes Shopping,NS
2025-05-15 00:00:00,3557,136,1608,738,0.0,400,0,0.1,3541,2.09,69820,2.18,11853,145.76,67,69258,0.0,17,21,3.31,216,10,2574,0,1241,2.0,0.0,Nacoes Shopping,NS
2025-05-10 00:00:00,534,24,201,55,0.0,38,0,0.17,517,2.23,32278,1.33,2391,71.89,54,31990,0.0,1,2,1.9,34,1,243,0,97,1.29,0.0,Nacoes Shopping,NS
2025-05-05 00:00:00,891,11,418,181,0.0,79,0,0.2,875,2.29,9431,1.14,2295,21.57,19,9371,0.0,5,15,2.54,67,2,627,0,338,2.37,0.0,Nacoes Shopping,NS
2025-04-30 00:00:00,808,15,367,140,0.0,61,0,0.31,791,3.27,7143,1.06,1994,23.39,22,7079,0.0,6,39,2.87,72,1,548,0,271,2.71,0.0,Nacoes Shopping,NS
2025-04-25 00:00:00,140,11,48,31,0.0,23,0,0.0,140,1.69,7943,0.0,750,13.43,0,7915,0.0,0,1,2.09,10,0,154,0,60,1.29,0.0,Nacoes Shopping,NS
2025-04-20 00:00:00,240,20,87,65,0.0,36,0,0.0,245,1.37,11289,0.0,1307,15.52,0,11231,0.0,0,1,2.38,16,3,264,0,109,1.39,0.0,Nacoes Shopping,NS
2025-05-16 00:00:00,3925,146,1655,768,0.0,410,0,0.08,3909,2.11,88312,2.7,13890,185.99,69,87655,0.0,22,26,3.42,206,2,2850,0,1303,1.94,0.0,Nacoes Shopping,NS
2025-05-11 00:00:00,567,27,211,46,0.0,28,0,0.12,557,2.25,32374,1.87,2677,72.85,39,32085,0.0,1,5,1.88,34,0,255,0,74,1.32,0.0,Nacoes Shopping,NS
2025-05-06 00:00:00,636,33,272,127,0.0,73,0,0.06,636,2.38,17260,4.11,2054,41.12,10,17071,0.0,3,10,1.75,41,2,459,0,231,1.6,0.0,Nacoes Shopping,NS
2025-05-01 00:00:00,918,15,437,191,0.0,96,0,0.33,906,2.65,8204,0.8,2347,21.72,27,8156,0.0,9,26,3.09,55,1,662,0,339,2.9,0.0,Nacoes Shopping,NS
2025-04-26 00:00:00,149,13,53,36,0.0,23,0,0.0,147,1.57,8506,0.0,745,13.35,0,8476,0.0,0,2,2.11,15,0,185,0,73,1.25,0.0,Nacoes Shopping,NS
2025-04-21 00:00:00,251,17,88,66,0.0,49,0,0.0,252,1.33,11347,0.0,1257,15.07,0,11285,0.0,1,0,2.37,6,1,270,0,121,1.39,0.0,Nacoes Shopping,NS
2025-06-18 00:00:00,38,5,9,5,0.0,4,0,0.0,38,2.25,4195,0.0,318,9.44,0,4165,0.0,0,0,1.2,2,0,33,0,9,1.17,0.0,Nacoes Shopping,NS
2025-05-24 00:00:00,1118,31,464,313,0.0,155,0,0.19,1089,2.14,40022,1.12,4674,85.49,76,39731,0.0,0,11,2.2,53,6,905,0,432,1.51,0.0,Nacoes Shopping,NS
2025-06-03 00:00:00,0,0,0,0,0.0,0,0,0.0,0,0.0,0,0.0,0,0.0,0,0,0.0,0,0,0.0,0,0,0,0,0,0.0,0.0,Nacoes Shopping,NS
2025-06-13 00:00:00,286,18,107,54,0.0,31,0,0.15,267,2.7,24045,1.85,1433,64.81,35,23871,0.0,0,13,1.35,25,0,201,0,82,1.15,0.0,Nacoes Shopping,NS
2025-06-08 00:00:00,433,49,154,68,0.0,48,0,0.11,421,2.64,30089,2.48,2166,79.45,32,29881,0.0,0,13,1.42,35,0,307,0,122,1.21,0.0,Nacoes Shopping,NS
2025-05-29 00:00:00,786,40,304,183,0.0,98,0,0.11,768,2.34,35378,2.12,3656,82.86,39,35085,0.0,0,4,2.51,42,0,618,0,271,1.84,0.0,Nacoes Shopping,NS
2025-06-01 00:00:00,0,0,0,0,0.0,0,0,0.0,0,0.0,0,0.0,0,0.0,0,0,0.0,0,0,0.0,0,0,0,0,0,0.0,0.0,Nacoes Shopping,NS
2025-06-16 00:00:00,59,8,16,7,0.0,3,0,0.0,62,2.01,4880,0.0,358,9.82,0,4845,0.0,1,0,1.16,2,0,48,0,18,1.13,0.0,Nacoes Shopping,NS
2025-06-11 00:00:00,391,51,149,54,0.0,40,0,0.15,359,2.91,25712,1.92,1717,74.76,39,25512,0.0,1,10,1.47,42,0,270,0,106,1.27,0.0,Nacoes Shopping,NS
2025-06-06 00:00:00,322,43,110,47,0.0,34,0,0.14,309,2.93,27096,2.09,1650,79.51,38,26886,0.0,2,10,1.32,34,1,222,0,85,1.16,0.0,Nacoes Shopping,NS
2025-05-27 00:00:00,947,66,359,213,0.0,120,0,0.14,937,2.39,35638,1.67,4363,85.12,51,35276,0.0,0,9,2.08,38,2,765,0,350,1.5,0.0,Nacoes Shopping,NS
2025-05-22 00:00:00,1249,24,497,320,0.0,170,0,0.12,1233,2.13,40902,1.81,5069,87.02,48,40498,0.0,1,16,2.22,54,1,1048,0,488,1.61,0.0,Nacoes Shopping,NS
2025-05-23 00:00:00,1007,30,440,271,0.0,137,0,0.13,1000,2.18,39568,1.72,4446,86.1,50,39223,0.0,0,11,2.09,62,0,847,0,429,1.45,0.0,Nacoes Shopping,NS
2025-06-02 00:00:00,0,0,0,0,0.0,0,0,0.0,0,0.0,0,0.0,0,0.0,0,0,0.0,0,0,0.0,0,0,0,0,0,0.0,0.0,Nacoes Shopping,NS
2025-05-28 00:00:00,910,54,345,214,0.0,112,0,0.14,915,2.41,34828,1.71,4211,83.96,49,34490,0.0,5,9,2.13,40,0,730,0,323,1.51,0.0,Nacoes Shopping,NS
2025-05-30 00:00:00,699,46,245,151,0.0,76,0,0.13,678,2.47,31799,1.97,3052,78.7,40,31559,0.0,0,15,1.92,33,3,512,0,219,1.4,0.0,Nacoes Shopping,NS
2025-05-25 00:00:00,894,31,306,160,0.0,92,0,0.12,863,2.16,40027,1.76,3800,86.41,49,39709,0.0,0,7,1.9,43,4,631,0,282,1.36,0.0,Nacoes Shopping,NS
2025-06-14 00:00:00,268,11,100,44,0.0,27,0,0.19,249,2.54,22802,1.34,1372,57.81,43,22647,0.0,1,6,1.3,19,0,175,0,72,1.13,0.0,Nacoes Shopping,NS
2025-06-09 00:00:00,387,50,160,60,0.0,43,0,0.13,368,2.79,26882,2.15,1791,75.13,35,26668,0.0,2,18,1.41,30,1,278,0,118,1.2,0.0,Nacoes Shopping,NS
2025-06-04 00:00:00,168,19,73,38,0.0,22,0,0.12,156,2.41,14505,1.95,760,35.02,18,14417,0.0,0,7,1.14,18,0,115,0,53,1.11,0.0,Nacoes Shopping,NS
2025-05-20 00:00:00,1040,52,399,215,0.0,123,0,0.13,1019,2.24,39354,1.72,4316,87.96,51,38973,0.0,3,6,2.02,58,3,791,0,367,1.5,0.0,Nacoes Shopping,NS
2025-06-05 00:00:00,362,38,137,56,0.0,42,0,0.14,344,2.55,27327,1.88,1613,69.65,37,27126,0.0,1,14,1.49,34,0,251,0,98,1.33,0.0,Nacoes Shopping,NS
2025-05-31 00:00:00,667,36,284,170,0.0,84,0,0.23,651,3.11,22314,1.36,2847,69.46,51,22140,0.0,1,10,3.06,20,0,511,0,238,2.27,0.0,Nacoes Shopping,NS
2025-05-26 00:00:00,968,68,394,225,0.0,121,0,0.1,966,2.31,36802,2.36,4206,85.01,36,36445,0.0,1,13,2.09,49,1,774,0,360,1.46,0.0,Nacoes Shopping,NS
2025-06-15 00:00:00,194,9,73,31,0.0,15,0,0.09,182,2.61,12554,2.98,823,32.8,11,12487,0.0,0,10,1.27,16,0,134,0,56,1.15,0.0,Nacoes Shopping,NS
2025-06-10 00:00:00,372,30,143,65,0.0,42,0,0.13,362,3.01,24673,2.25,1749,74.24,33,24454,0.0,2,12,1.5,33,0,264,0,115,1.31,0.0,Nacoes Shopping,NS
2025-05-21 00:00:00,1381,33,561,391,0.0,192,0,0.18,1349,2.24,38855,1.24,5670,86.97,70,38484,0.0,3,9,2.28,68,2,1242,0,591,1.67,0.0,Nacoes Shopping,NS
2025-06-17 00:00:00,62,8,19,14,0.0,10,0,0.0,62,2.1,4498,0.0,366,9.45,0,4470,0.0,0,1,1.31,3,0,54,0,19,1.27,0.0,Nacoes Shopping,NS
2025-06-12 00:00:00,313,37,103,50,0.0,34,0,0.16,304,2.83,24008,1.74,1542,67.84,39,23844,0.0,0,5,1.38,28,0,215,0,80,1.15,0.0,Nacoes Shopping,NS
2025-06-07 00:00:00,449,56,152,66,0.0,43,0,0.14,432,2.64,30685,1.93,2170,81.05,42,30448,0.0,2,13,1.5,34,0,295,0,112,1.25,0.0,Nacoes Shopping,NS
2025-07-08 00:00:00,774,47,298,137,0.0,69,0,0.0,777,1.94,24874,0.0,3334,48.17,0,24725,0.0,1,8,3.25,36,0,473,0,220,1.86,0.0,Nacoes Shopping,NS
2025-07-03 00:00:00,865,56,335,157,0.0,102,0,0.0,877,2.01,22404,0.0,3120,45.12,0,22275,0.0,2,4,2.99,41,4,561,0,258,1.64,0.0,Nacoes Shopping,NS
2025-06-28 00:00:00,51,10,8,3,0.0,1,0,0.0,51,2.78,4810,0.0,231,13.35,0,4784,0.0,0,0,1.13,0,0,8,0,5,1.02,0.0,Nacoes Shopping,NS
2025-06-23 00:00:00,36,5,10,5,0.0,4,0,0.0,37,2.22,3387,0.0,224,7.51,0,3367,0.0,0,0,1.13,1,0,28,0,9,1.09,0.0,Nacoes Shopping,NS
2025-07-18 00:00:00,1821,123,700,346,0.0,207,0,0.0,1818,2.36,65910,0.0,7517,155.6,0,65547,0.0,5,22,3.51,140,4,1266,0,574,1.51,0.0,Nacoes Shopping,NS
2025-07-13 00:00:00,866,56,318,135,0.0,80,0,0.0,864,1.88,24549,0.0,3321,46.25,0,24421,0.0,1,7,2.28,40,1,509,0,226,1.56,0.0,Nacoes Shopping,NS
2025-07-16 00:00:00,912,56,320,125,0.0,65,0,0.0,903,2.23,32724,0.0,3781,72.87,0,32556,0.0,2,15,3.19,64,0,487,0,200,1.47,0.0,Nacoes Shopping,NS
2025-07-11 00:00:00,721,38,260,101,0.0,60,0,0.0,723,2.02,24119,0.0,3048,48.75,0,23955,0.0,0,8,2.38,48,1,452,0,187,1.55,0.0,Nacoes Shopping,NS
2025-07-06 00:00:00,1055,46,369,157,0.0,99,0,0.0,1054,1.89,26683,0.0,3764,50.52,0,26534,0.0,0,4,2.84,37,1,648,0,266,1.75,0.0,Nacoes Shopping,NS
2025-07-01 00:00:00,511,19,189,80,0.0,52,0,0.0,508,1.66,17020,0.0,1962,28.21,0,16918,0.0,1,4,2.44,23,2,321,0,135,1.47,0.0,Nacoes Shopping,NS
2025-06-26 00:00:00,19,1,5,5,0.0,3,0,0.0,19,2.61,2201,0.0,118,5.74,0,2186,0.0,0,0,1.1,1,0,12,0,6,1.08,0.0,Nacoes Shopping,NS
2025-06-21 00:00:00,44,7,10,6,0.0,3,0,0.0,45,2.18,3819,0.0,229,8.32,0,3799,0.0,0,2,1.13,4,0,33,0,9,1.08,0.0,Nacoes Shopping,NS
2025-06-24 00:00:00,33,4,9,7,0.0,4,0,0.0,33,2.42,2885,0.0,201,6.99,0,2865,0.0,0,0,1.16,2,0,25,0,9,1.13,0.0,Nacoes Shopping,NS
2025-06-19 00:00:00,51,7,20,12,0.0,11,0,0.0,51,2.21,4592,0.0,361,10.13,0,4562,0.0,0,0,1.39,5,0,40,0,19,1.34,0.0,Nacoes Shopping,NS
2025-07-14 00:00:00,658,38,220,98,0.0,53,0,0.0,668,1.87,25784,0.0,2916,48.1,0,25650,0.0,1,6,2.61,26,0,392,0,170,1.49,0.0,Nacoes Shopping,NS
2025-07-09 00:00:00,823,39,307,127,0.0,76,0,0.0,831,2.05,23185,0.0,3169,47.55,0,23036,0.0,1,4,2.75,43,2,517,0,228,1.66,0.0,Nacoes Shopping,NS
2025-07-04 00:00:00,925,54,364,166,0.0,98,0,0.0,936,2.02,25075,0.0,3485,50.63,0,24915,0.0,3,3,2.83,31,1,607,0,273,1.62,0.0,Nacoes Shopping,NS
2025-06-29 00:00:00,61,4,18,2,0.0,1,0,0.0,62,2.56,5137,0.0,278,13.13,0,5107,0.0,0,0,1.14,5,0,19,0,5,1.07,0.0,Nacoes Shopping,NS
2025-07-10 00:00:00,804,38,297,141,0.0,80,0,0.0,813,2.08,23108,0.0,3147,48.0,0,22940,0.0,0,7,2.6,32,0,505,0,223,1.59,0.0,Nacoes Shopping,NS
2025-07-05 00:00:00,929,57,322,158,0.0,90,0,0.0,934,1.9,26491,0.0,3615,50.28,0,26346,0.0,2,6,2.69,47,1,572,0,258,1.6,0.0,Nacoes Shopping,NS
2025-07-15 00:00:00,534,30,164,64,0.0,48,0,0.0,529,2.01,23089,0.0,2537,46.36,0,22957,0.0,1,4,2.37,31,0,304,0,119,1.38,0.0,Nacoes Shopping,NS
2025-06-30 00:00:00,268,16,98,40,0.0,27,0,0.0,266,2.35,9925,0.0,1003,23.3,0,9878,0.0,0,1,2.09,12,1,144,0,64,1.39,0.0,Nacoes Shopping,NS
2025-06-25 00:00:00,27,4,8,4,0.0,2,0,0.0,27,2.53,2578,0.0,137,6.51,0,2564,0.0,0,0,1.1,0,0,22,0,8,1.07,0.0,Nacoes Shopping,NS
2025-06-20 00:00:00,38,6,17,12,0.0,10,0,0.0,38,2.18,4016,0.0,265,8.74,0,3998,0.0,0,0,1.17,2,0,27,0,17,1.14,0.0,Nacoes Shopping,NS
2025-07-17 00:00:00,1292,68,498,188,0.0,105,0,0.0,1291,2.27,41912,0.0,5107,95.21,0,41645,0.0,2,15,3.74,93,2,708,0,305,1.57,0.0,Nacoes Shopping,NS
2025-06-27 00:00:00,25,0,8,3,0.0,2,0,0.0,25,2.65,2976,0.0,164,7.88,0,2963,0.0,0,1,1.15,1,0,11,0,7,1.03,0.0,Nacoes Shopping,NS
2025-06-22 00:00:00,49,4,12,7,0.0,6,0,0.0,51,2.07,3925,0.0,266,8.13,0,3908,0.0,0,0,1.19,3,0,46,0,12,1.14,0.0,Nacoes Shopping,NS
2025-07-12 00:00:00,848,34,310,127,0.0,74,0,0.0,859,1.91,24686,0.0,3299,47.25,0,24572,0.0,0,1,2.56,33,4,530,0,219,1.69,0.0,Nacoes Shopping,NS
2025-07-07 00:00:00,836,41,321,135,0.0,77,0,0.0,836,1.91,26090,0.0,3361,49.92,0,25954,0.0,3,4,2.69,35,1,512,0,233,1.55,0.0,Nacoes Shopping,NS
2025-07-02 00:00:00,471,32,178,75,0.0,30,0,0.0,469,1.79,15002,0.0,1760,26.8,0,14928,0.0,2,3,2.27,27,0,280,0,118,1.46,0.0,Nacoes Shopping,NS
2025-08-02 00:00:00,824,44,277,145,0.0,70,0,0.0,832,1.9,21205,0.0,2795,40.26,0,21124,0.0,0,1,2.7,34,5,598,0,242,1.59,0.0,Nacoes Shopping,NS
2025-07-28 00:00:00,682,47,255,102,0.0,64,0,0.0,677,2.14,27894,0.0,2855,59.58,0,27756,0.0,1,6,2.7,45,1,327,0,161,1.47,0.0,Nacoes Shopping,NS
2025-07-23 00:00:00,1042,69,380,142,0.0,81,0,0.0,1037,2.25,39206,0.0,4306,88.03,0,38993,0.0,1,15,3.12,74,3,510,0,226,1.46,0.0,Nacoes Shopping,NS
2025-08-17 00:00:00,422,42,154,77,0.0,43,0,0.0,422,2.01,16561,0.0,1692,33.37,0,16474,0.0,2,4,2.12,22,0,300,0,120,1.4,0.0,Nacoes Shopping,NS
2025-08-12 00:00:00,527,36,169,94,0.0,54,0,0.0,526,2.12,16686,0.0,1991,35.32,0,16580,0.0,0,1,2.16,26,5,357,0,137,1.47,0.0,Nacoes Shopping,NS
2025-08-07 00:00:00,445,35,153,82,0.0,46,0,0.0,439,2.06,18197,0.0,1872,37.44,0,18097,0.0,0,6,2.13,20,1,293,0,126,1.36,0.0,Nacoes Shopping,NS
2025-08-15 00:00:00,346,23,112,57,0.0,34,0,0.0,350,2.07,16791,0.0,1548,34.75,0,16682,0.0,1,0,2.03,13,8,225,0,90,1.32,0.0,Nacoes Shopping,NS
2025-08-10 00:00:00,460,38,145,80,0.0,44,0,0.0,470,2.05,18072,0.0,1886,37.09,0,17968,0.0,0,7,2.04,20,1,300,0,118,1.35,0.0,Nacoes Shopping,NS
2025-08-05 00:00:00,732,34,233,134,0.0,77,0,0.0,740,2.04,17605,0.0,2549,35.98,0,17504,0.0,1,3,2.61,23,6,531,0,207,1.64,0.0,Nacoes Shopping,NS
2025-07-31 00:00:00,542,38,175,86,0.0,40,0,0.0,545,2.2,15120,0.0,1830,33.19,0,15049,0.0,1,3,3.21,31,2,356,0,143,1.51,0.0,Nacoes Shopping,NS
2025-07-26 00:00:00,849,59,310,102,0.0,65,0,0.0,844,2.41,32185,0.0,3655,77.43,0,32030,0.0,1,7,3.45,50,2,419,0,185,1.61,0.0,Nacoes Shopping,NS
2025-07-21 00:00:00,1191,76,445,173,0.0,100,0,0.0,1188,2.26,40398,0.0,4890,91.42,0,40222,0.0,4,12,3.63,86,2,628,0,300,1.85,0.0,Nacoes Shopping,NS
2025-08-08 00:00:00,417,21,126,66,0.0,32,0,0.0,411,2.18,17109,0.0,1758,37.27,0,16998,0.0,0,3,2.01,19,1,265,0,102,1.32,0.0,Nacoes Shopping,NS
2025-08-03 00:00:00,859,50,288,148,0.0,74,0,0.0,856,1.85,21071,0.0,2953,38.95,0,20967,0.0,1,8,2.76,42,4,598,0,236,1.7,0.0,Nacoes Shopping,NS
2025-07-29 00:00:00,585,45,182,66,0.0,39,0,0.0,591,2.1,25839,0.0,2710,54.23,0,25711,0.0,1,5,2.46,37,1,265,0,118,1.38,0.0,Nacoes Shopping,NS
2025-07-24 00:00:00,922,58,307,116,0.0,63,0,0.0,930,2.18,36813,0.0,4046,80.26,0,36588,0.0,2,9,3.57,44,0,462,0,203,1.65,0.0,Nacoes Shopping,NS
2025-07-19 00:00:00,2003,137,772,418,0.0,239,0,0.0,1994,2.43,73411,0.0,8349,178.23,0,72983,0.0,10,27,3.46,124,2,1436,0,652,1.64,0.0,Nacoes Shopping,NS
2025-08-13 00:00:00,546,47,184,91,0.0,52,0,0.0,540,2.08,16950,0.0,2100,35.27,0,16820,0.0,0,8,2.14,35,5,371,0,146,1.47,0.0,Nacoes Shopping,NS
2025-08-14 00:00:00,379,37,109,48,0.0,30,0,0.0,375,1.92,18134,0.0,1726,34.89,0,18031,0.0,1,4,2.1,13,0,238,0,89,1.31,0.0,Nacoes Shopping,NS
2025-08-09 00:00:00,489,38,145,69,0.0,38,0,0.0,489,2.16,17390,0.0,1837,37.57,0,17298,0.0,1,5,2.02,17,3,328,0,124,1.35,0.0,Nacoes Shopping,NS
2025-08-04 00:00:00,772,52,251,131,0.0,78,0,0.0,780,1.92,19472,0.0,2846,37.41,0,19369,0.0,0,6,2.82,33,6,538,0,223,1.75,0.0,Nacoes Shopping,NS
2025-07-30 00:00:00,412,35,141,46,0.0,21,0,0.0,416,2.19,17610,0.0,1885,38.62,0,17509,0.0,1,3,2.47,21,2,196,0,79,1.42,0.0,Nacoes Shopping,NS
2025-07-25 00:00:00,897,60,322,128,0.0,65,0,0.0,889,2.32,34404,0.0,3744,79.91,0,34221,0.0,2,11,3.17,53,1,434,0,208,1.54,0.0,Nacoes Shopping,NS
2025-07-20 00:00:00,1554,91,582,240,0.0,153,0,0.0,1548,2.32,47937,0.0,6212,111.34,0,47667,0.0,3,17,3.61,99,0,894,0,391,1.7,0.0,Nacoes Shopping,NS
2025-07-22 00:00:00,966,63,316,118,0.0,62,0,0.0,958,2.26,38106,0.0,4280,85.97,0,37892,0.0,0,11,2.73,73,0,441,0,189,1.47,0.0,Nacoes Shopping,NS
2025-08-16 00:00:00,410,38,137,64,0.0,33,0,0.0,417,2.08,17279,0.0,1642,35.97,0,17172,0.0,0,1,2.33,19,2,295,0,118,1.5,0.0,Nacoes Shopping,NS
2025-08-11 00:00:00,499,34,155,72,0.0,36,0,0.0,507,2.04,16940,0.0,1943,34.59,0,16847,0.0,0,5,2.12,15,1,344,0,127,1.42,0.0,Nacoes Shopping,NS
2025-08-06 00:00:00,702,40,229,137,0.0,63,0,0.0,715,2.22,16804,0.0,2436,37.26,0,16690,0.0,2,5,2.46,29,8,503,0,203,1.63,0.0,Nacoes Shopping,NS
2025-08-01 00:00:00,792,48,272,135,0.0,71,0,0.0,797,1.92,20947,0.0,2758,40.27,0,20821,0.0,0,7,2.64,36,7,569,0,227,1.51,0.0,Nacoes Shopping,NS
2025-07-27 00:00:00,847,50,283,106,0.0,55,0,0.0,841,2.29,30954,0.0,3562,70.8,0,30793,0.0,1,10,3.06,49,1,401,0,175,1.5,0.0,Nacoes Shopping,NS
2025-09-16 00:00:00,0,0,0,0,0.0,0,0,0.0,0,0.0,0,0.0,0,0.0,0,0,0.0,0,0,0.0,0,0,0,0,0,0.0,0.0,Nacoes Shopping,NS
2025-09-11 00:00:00,365,51,126,127,0.0,77,0,0.0,369,2.68,28863,0.0,1814,77.44,0,28628,0.0,0,1,1.43,16,0,519,0,204,1.38,0.0,Nacoes Shopping,NS
2025-09-06 00:00:00,610,46,233,59,0.0,28,0,0.0,608,2.17,19322,0.0,2332,41.96,0,19198,0.0,2,10,2.08,43,5,324,0,122,1.61,0.0,Nacoes Shopping,NS
2025-09-01 00:00:00,841,52,340,88,0.0,47,0,0.0,834,1.98,21227,0.0,3089,42.03,0,21061,0.0,7,19,2.47,85,4,437,0,167,1.73,0.0,Nacoes Shopping,NS
2025-08-27 00:00:00,276,13,76,47,0.0,27,0,0.0,277,2.43,10539,0.0,1162,25.59,0,10484,0.0,1,0,2.11,9,0,170,0,60,1.42,0.0,Nacoes Shopping,NS
2025-08-22 00:00:00,262,27,92,44,0.0,28,0,0.0,258,2.32,12505,0.0,1117,28.96,0,12447,0.0,0,1,2.03,10,0,173,0,70,1.3,0.0,Nacoes Shopping,NS
2025-09-13 00:00:00,133,21,55,57,0.0,37,0,0.0,140,2.94,10275,0.0,704,30.17,0,10184,0.0,0,1,1.23,10,1,193,0,77,1.23,0.0,Nacoes Shopping,NS
2025-09-08 00:00:00,538,40,201,61,0.0,31,0,0.0,541,2.25,18198,0.0,2218,40.89,0,18061,0.0,1,13,1.93,33,2,301,0,116,1.49,0.0,Nacoes Shopping,NS
2025-09-03 00:00:00,786,58,327,81,0.0,36,0,0.0,775,2.29,18475,0.0,2906,42.37,0,18283,0.0,4,15,2.29,61,1,435,0,165,1.74,0.0,Nacoes Shopping,NS
2025-08-29 00:00:00,430,50,158,57,0.0,34,0,0.0,436,2.22,20818,0.0,1983,46.12,0,20699,0.0,1,5,2.79,32,2,244,0,93,1.3,0.0,Nacoes Shopping,NS
2025-08-24 00:00:00,223,26,78,41,0.0,21,0,0.0,225,2.1,13012,0.0,1177,27.39,0,12943,0.0,0,3,1.99,13,3,151,0,66,1.29,0.0,Nacoes Shopping,NS
2025-08-30 00:00:00,720,56,275,75,0.0,38,0,0.0,714,2.25,23691,0.0,2783,53.24,0,23578,0.0,1,15,2.86,64,4,383,0,137,1.71,0.0,Nacoes Shopping,NS
2025-08-25 00:00:00,216,10,66,34,0.0,18,0,0.0,216,2.32,9838,0.0,1014,22.79,0,9777,0.0,0,1,1.96,7,0,125,0,53,1.36,0.0,Nacoes Shopping,NS
2025-08-20 00:00:00,394,25,108,56,0.0,34,0,0.0,398,2.35,13772,0.0,1647,32.31,0,13694,0.0,0,5,2.15,11,1,258,0,92,1.45,0.0,Nacoes Shopping,NS
2025-09-14 00:00:00,0,0,0,0,0.0,0,0,0.0,0,0.0,0,0.0,0,0.0,0,0,0.0,0,0,0.0,0,0,0,0,0,0.0,0.0,Nacoes Shopping,NS
2025-09-09 00:00:00,397,50,141,80,0.0,42,0,0.0,403,2.33,24327,0.0,1870,56.68,0,24144,0.0,0,5,1.43,18,0,379,0,159,1.26,0.0,Nacoes Shopping,NS
2025-09-04 00:00:00,662,35,270,68,0.0,36,0,0.0,654,2.48,17421,0.0,2545,43.13,0,17251,0.0,5,21,2.22,58,1,353,0,156,1.69,0.0,Nacoes Shopping,NS
2025-09-02 00:00:00,839,47,348,84,0.0,45,0,0.0,823,2.1,20001,0.0,3041,41.98,0,19819,0.0,2,17,2.27,58,2,396,0,159,1.73,0.0,Nacoes Shopping,NS
2025-09-12 00:00:00,380,48,119,116,0.0,70,0,0.0,381,2.78,27360,0.0,1901,76.17,0,27105,0.0,2,5,1.22,20,0,521,0,200,1.19,0.0,Nacoes Shopping,NS
2025-09-07 00:00:00,526,46,210,64,0.0,39,0,0.0,517,2.22,18881,0.0,2205,42.0,0,18768,0.0,2,10,2.37,37,1,293,0,133,1.79,0.0,Nacoes Shopping,NS
2025-08-28 00:00:00,198,18,60,30,0.0,20,0,0.0,200,2.25,11318,0.0,979,25.42,0,11249,0.0,0,3,1.95,6,0,136,0,46,1.24,0.0,Nacoes Shopping,NS
2025-08-23 00:00:00,296,29,101,48,0.0,23,0,0.0,294,2.26,12960,0.0,1219,29.35,0,12888,0.0,0,2,2.24,12,7,190,0,78,1.46,0.0,Nacoes Shopping,NS
2025-08-18 00:00:00,364,31,128,67,0.0,36,0,0.0,362,2.14,14995,0.0,1561,32.09,0,14890,0.0,2,3,2.0,12,5,243,0,104,1.38,0.0,Nacoes Shopping,NS
2025-08-19 00:00:00,415,25,134,70,0.0,39,0,0.0,411,2.26,14522,0.0,1691,32.88,0,14436,0.0,1,3,2.13,17,1,266,0,116,1.45,0.0,Nacoes Shopping,NS
2025-08-31 00:00:00,621,53,254,68,0.0,44,0,0.0,620,2.2,20752,0.0,2588,45.57,0,20646,0.0,1,11,2.23,50,3,326,0,142,1.5,0.0,Nacoes Shopping,NS
2025-08-26 00:00:00,197,14,50,23,0.0,15,0,0.0,194,2.34,9640,0.0,958,22.59,0,9587,0.0,0,1,1.97,8,0,121,0,40,1.35,0.0,Nacoes Shopping,NS
2025-08-21 00:00:00,269,22,74,37,0.0,20,0,0.0,271,2.19,13859,0.0,1221,30.41,0,13772,0.0,1,2,2.11,8,0,180,0,56,1.32,0.0,Nacoes Shopping,NS
2025-09-10 00:00:00,434,49,133,128,0.0,86,0,0.0,435,2.54,30245,0.0,1987,76.72,0,29982,0.0,0,4,1.25,13,1,565,0,239,1.18,0.0,Nacoes Shopping,NS
2025-09-05 00:00:00,582,36,225,65,0.0,32,0,0.0,578,2.21,20232,0.0,2486,44.79,0,20082,0.0,1,25,1.84,44,0,330,0,131,1.46,0.0,Nacoes Shopping,NS
2025-09-15 00:00:00,0,0,0,0,0.0,0,0,0.0,0,0.0,0,0.0,0,0.0,0,0,0.0,0,0,0.0,0,0,0,0,0,0.0,0.0,Nacoes Shopping,NS
2025-10-12 00:00:00,201,26,54,32,0.0,16,0,0.0,204,1.98,17636,0.0,1172,34.86,0,17533,0.0,0,1,2.21,6,0,128,0,47,1.14,0.0,Nacoes Shopping,NS
2025-10-07 00:00:00,222,23,69,28,0.0,15,0,0.0,224,2.23,17068,0.0,1399,38.01,0,16926,0.0,0,2,2.19,6,0,142,0,56,1.26,0.0,Nacoes Shopping,NS
2025-10-02 00:00:00,284,21,96,47,0.0,29,0,0.0,284,2.18,18686,0.0,1612,40.75,0,18515,0.0,0,0,2.46,13,1,199,0,87,1.33,0.0,Nacoes Shopping,NS
2025-10-11 00:00:00,202,31,63,27,0.0,17,0,0.0,201,2.03,17101,0.0,1118,34.72,0,16977,0.0,0,2,2.29,6,0,133,0,56,1.14,0.0,Nacoes Shopping,NS
2025-10-06 00:00:00,231,17,71,32,0.0,23,0,0.0,239,2.09,17926,0.0,1384,37.39,0,17806,0.0,0,1,2.82,12,0,143,0,60,1.56,0.0,Nacoes Shopping,NS
2025-10-01 00:00:00,289,31,112,37,0.0,22,0,0.0,298,2.1,19121,0.0,1646,40.19,0,18930,0.0,0,2,2.5,17,1,192,0,78,1.29,0.0,Nacoes Shopping,NS
2025-09-26 00:00:00,91,3,25,15,0.0,8,0,0.0,91,2.29,8799,0.0,505,20.15,0,8756,0.0,0,0,3.31,6,0,51,0,23,1.1,0.0,Nacoes Shopping,NS
2025-10-16 00:00:00,187,23,63,24,0.0,15,0,0.0,189,2.38,13915,0.0,1024,33.14,0,13816,0.0,1,0,2.07,8,0,123,0,41,1.21,0.0,Nacoes Shopping,NS
2025-09-18 00:00:00,0,0,0,0,0.0,0,0,0.0,0,0.0,0,0.0,0,0.0,0,0,0.0,0,0,0.0,0,0,0,0,0,0.0,0.0,Nacoes Shopping,NS
2025-10-08 00:00:00,215,25,69,31,0.0,19,0,0.0,215,2.33,15995,0.0,1281,37.29,0,15824,0.0,0,3,2.11,8,1,137,0,56,1.22,0.0,Nacoes Shopping,NS
2025-10-03 00:00:00,260,20,79,33,0.0,16,0,0.0,264,2.11,19340,0.0,1527,40.83,0,19177,0.0,0,1,2.13,15,0,165,0,60,1.22,0.0,Nacoes Shopping,NS
2025-09-28 00:00:00,190,14,65,29,0.0,17,0,0.0,191,2.34,18281,0.0,1159,42.78,0,18174,0.0,1,0,2.8,9,1,120,0,42,1.17,0.0,Nacoes Shopping,NS
2025-10-13 00:00:00,214,20,77,32,0.0,21,0,0.0,221,2.1,16174,0.0,1129,33.98,0,16070,0.0,0,0,2.18,13,1,139,0,49,1.19,0.0,Nacoes Shopping,NS
2025-09-17 00:00:00,0,0,0,0,0.0,0,0,0.0,0,0.0,0,0.0,0,0.0,0,0,0.0,0,0,0.0,0,0,0,0,0,0.0,0.0,Nacoes Shopping,NS
2025-09-27 00:00:00,191,23,52,26,0.0,13,0,0.0,196,2.42,17467,0.0,1073,42.29,0,17373,0.0,0,0,3.06,2,0,125,0,51,1.13,0.0,Nacoes Shopping,NS
2025-10-14 00:00:00,212,26,76,35,0.0,23,0,0.0,214,2.23,15236,0.0,1107,33.94,0,15119,0.0,0,1,2.17,10,0,129,0,53,1.21,0.0,Nacoes Shopping,NS
2025-10-09 00:00:00,250,31,86,41,0.0,20,0,0.0,253,2.3,15966,0.0,1254,36.76,0,15832,0.0,0,2,2.36,3,0,167,0,70,1.36,0.0,Nacoes Shopping,NS
2025-10-04 00:00:00,251,36,78,33,0.0,19,0,0.0,252,1.99,19342,0.0,1389,38.47,0,19208,0.0,0,0,2.32,6,0,149,0,63,1.18,0.0,Nacoes Shopping,NS
2025-09-29 00:00:00,195,15,71,30,0.0,15,0,0.0,199,2.49,17102,0.0,1203,42.54,0,16986,0.0,0,1,2.51,9,0,130,0,59,1.2,0.0,Nacoes Shopping,NS
2025-10-05 00:00:00,227,34,67,34,0.0,21,0,0.0,234,1.95,19237,0.0,1365,37.51,0,19115,0.0,0,0,2.28,6,0,159,0,61,1.19,0.0,Nacoes Shopping,NS
2025-09-30 00:00:00,222,8,59,25,0.0,13,0,0.0,229,2.51,16584,0.0,1240,41.56,0,16456,0.0,0,0,2.39,9,0,139,0,60,1.21,0.0,Nacoes Shopping,NS
2025-10-15 00:00:00,194,19,60,31,0.0,13,0,0.0,201,2.35,13922,0.0,1043,32.7,0,13811,0.0,0,0,2.17,7,0,116,0,60,1.23,0.0,Nacoes Shopping,NS
2025-10-10 00:00:00,233,29,73,34,0.0,19,0,0.0,232,2.14,17566,0.0,1201,37.58,0,17441,0.0,0,3,2.11,16,0,155,0,57,1.19,0.0,Nacoes Shopping,NS
2025-11-12 00:00:00,2905,24,2359,2023,0.0,1766,0,4.98,2250,4.27,18801,0.09,3102,80.31,937,16281,0.0,1,2,3.72,3,0,2979,0,2210,2.76,0.0,Nacoes Shopping,NS
2025-11-07 00:00:00,1496,45,481,420,0.0,202,0,0.04,1657,2.93,20477,7.49,4570,59.9,8,20307,0.0,0,13,3.5,68,3,1581,0,656,2.27,0.0,Nacoes Shopping,NS
2025-11-02 00:00:00,2733,58,851,794,0.0,404,0,0.08,2979,2.48,27761,3.28,7458,68.81,21,27603,0.0,2,13,3.77,97,1,3016,0,1274,2.48,0.0,Nacoes Shopping,NS
2025-10-23 00:00:00,109,13,37,13,0.0,8,0,0.0,106,2.55,8995,0.0,571,22.95,0,8926,0.0,0,0,1.8,10,0,86,0,24,1.14,0.0,Nacoes Shopping,NS
2025-11-05 00:00:00,2287,56,716,625,0.0,296,0,0.06,2502,2.69,25235,4.24,6410,67.83,16,24994,0.0,2,12,3.39,125,4,2468,0,994,2.4,0.0,Nacoes Shopping,NS
2025-10-31 00:00:00,2521,87,774,690,0.0,330,0,0.04,2748,3.03,25618,8.63,6432,77.64,9,25445,0.0,2,20,4.13,132,4,2598,0,1079,2.46,0.0,Nacoes Shopping,NS
2025-10-26 00:00:00,6,2,1,1,0.0,1,0,0.0,6,1.98,825,0.0,45,1.63,0,824,0.0,0,0,1.1,0,0,6,0,3,0.98,0.0,Nacoes Shopping,NS
2025-10-21 00:00:00,111,12,31,14,0.0,10,0,0.0,110,2.46,11039,0.0,766,27.18,0,10966,0.0,0,1,1.82,7,0,85,0,27,1.09,0.0,Nacoes Shopping,NS
2025-10-18 00:00:00,154,17,49,21,0.0,15,0,0.0,159,2.13,14516,0.0,799,30.94,0,14430,0.0,0,3,3.28,9,0,105,0,41,1.66,0.0,Nacoes Shopping,NS
2025-10-19 00:00:00,170,16,62,26,0.0,14,0,0.0,169,2.13,13797,0.0,875,29.35,0,13707,0.0,0,2,2.14,10,0,119,0,46,1.14,0.0,Nacoes Shopping,NS
2025-11-15 00:00:00,2336,29,1799,1699,0.0,1340,0,4.47,1801,4.55,16921,0.1,2646,77.07,756,14899,0.0,0,1,3.27,4,0,2509,0,1880,2.64,0.0,Nacoes Shopping,NS
2025-11-10 00:00:00,463,27,195,121,0.0,80,0,0.06,472,2.83,14680,4.61,2082,41.48,9,14523,0.0,0,6,2.39,33,1,358,0,194,1.73,0.0,Nacoes Shopping,NS
2025-11-13 00:00:00,4048,13,3142,2866,0.0,2367,0,6.69,3178,4.78,18344,0.07,4121,87.77,1227,16498,0.0,1,0,4.78,7,0,3995,0,3130,3.55,0.0,Nacoes Shopping,NS
2025-11-08 00:00:00,803,27,284,220,0.0,115,0,0.08,879,2.58,17885,3.08,3131,46.16,15,17737,0.0,0,4,2.9,38,1,769,0,344,1.93,0.0,Nacoes Shopping,NS
2025-11-03 00:00:00,2583,55,831,744,0.0,363,0,0.03,2804,2.62,25771,9.65,7031,67.53,7,25540,0.0,0,15,3.89,101,1,2824,0,1184,2.71,0.0,Nacoes Shopping,NS
2025-10-24 00:00:00,68,3,21,14,0.0,9,0,0.0,64,2.36,5910,0.0,402,13.93,0,5868,0.0,0,0,1.47,5,0,68,0,28,1.11,0.0,Nacoes Shopping,NS
2025-10-17 00:00:00,179,12,60,22,0.0,15,0,0.0,178,2.29,14644,0.0,964,33.59,0,14542,0.0,0,0,2.06,6,0,126,0,48,1.18,0.0,Nacoes Shopping,NS
2025-10-27 00:00:00,0,0,0,0,0.0,0,0,0.0,0,0.0,0,0.0,0,0.0,0,0,0.0,0,0,0.0,0,0,0,0,0,0.0,0.0,Nacoes Shopping,NS
2025-11-11 00:00:00,3056,28,2337,2234,0.0,1821,0,4.41,2551,4.34,19862,0.1,3850,86.18,875,16139,0.0,0,3,3.74,9,2,3187,0,2500,2.97,0.0,Nacoes Shopping,NS
2025-11-06 00:00:00,1883,44,598,553,0.0,275,0,0.05,2074,2.85,22915,5.93,5376,65.24,11,22720,0.0,0,11,3.43,73,4,2065,0,854,2.34,0.0,Nacoes Shopping,NS
2025-11-01 00:00:00,2936,72,856,758,0.0,379,0,0.05,3176,2.56,28983,4.95,7341,74.28,15,28781,0.0,1,6,3.96,130,2,3007,0,1227,2.46,0.0,Nacoes Shopping,NS
2025-10-22 00:00:00,102,17,38,18,0.0,12,0,0.0,105,2.6,9722,0.0,617,25.24,0,9635,0.0,1,0,1.83,3,0,81,0,36,1.14,0.0,Nacoes Shopping,NS
2025-11-14 00:00:00,3206,15,2619,2137,0.0,1845,0,7.87,2366,5.33,16957,0.07,3378,90.39,1334,14956,0.0,0,0,4.17,2,0,3169,0,2409,3.29,0.0,Nacoes Shopping,NS
2025-11-09 00:00:00,429,21,169,106,0.0,68,0,0.03,448,2.67,15071,8.04,2066,40.19,5,14976,0.0,0,7,2.3,21,0,319,0,158,1.58,0.0,Nacoes Shopping,NS
2025-11-04 00:00:00,2749,85,839,739,0.0,350,0,0.04,3040,2.58,26857,6.93,7642,69.31,10,26545,0.0,1,10,4.0,142,2,2933,0,1159,2.79,0.0,Nacoes Shopping,NS
2025-10-30 00:00:00,1371,25,437,444,0.0,221,0,0.04,1494,2.94,13255,7.8,3585,38.98,5,13183,0.0,0,8,4.42,40,0,1545,0,689,2.6,0.0,Nacoes Shopping,NS
2025-10-25 00:00:00,31,8,5,3,0.0,2,0,0.0,32,2.21,4005,0.0,250,8.84,0,3989,0.0,0,0,1.25,0,0,38,0,14,1.01,0.0,Nacoes Shopping,NS
2025-10-20 00:00:00,143,18,48,20,0.0,11,0,0.0,145,2.24,12737,0.0,816,28.54,0,12647,0.0,0,1,2.0,7,0,95,0,39,1.11,0.0,Nacoes Shopping,NS
2025-12-12 00:00:00,2541,94,1414,472,0.0,349,0,4.34,1837,3.51,29014,0.08,3563,101.73,1258,24425,0.0,0,4,3.1,21,0,1664,0,748,2.03,0.0,Nacoes Shopping,NS
2025-12-07 00:00:00,2787,180,1363,488,0.0,315,0,3.22,2262,3.58,26315,0.11,3435,94.33,848,11338,0.0,0,4,2.76,36,0,1978,0,806,3.82,0.0,Nacoes Shopping,NS
2025-12-02 00:00:00,2368,21,1342,582,0.0,437,0,5.28,1746,3.69,19715,0.07,2391,72.75,1040,17328,0.0,1,0,3.09,6,0,1848,0,889,2.3,0.0,Nacoes Shopping,NS
2025-11-27 00:00:00,2196,28,1168,573,0.0,463,0,1.99,1755,3.78,34901,0.19,3365,131.9,696,33414,0.0,0,4,2.79,18,0,1694,0,810,1.64,0.0,Nacoes Shopping,NS
2025-11-22 00:00:00,2227,9,1638,1435,0.0,1146,0,5.73,1705,4.38,14718,0.08,2524,64.4,843,12261,0.0,0,1,3.46,4,0,2376,0,1786,2.76,0.0,Nacoes Shopping,NS
2025-11-17 00:00:00,3126,14,2518,2205,0.0,1874,0,6.45,2408,4.81,16071,0.07,3184,77.23,1037,14098,0.0,0,0,4.51,5,0,3067,0,2401,3.5,0.0,Nacoes Shopping,NS
2025-12-05 00:00:00,2856,170,1385,516,0.0,374,0,3.25,2301,3.29,27808,0.1,3328,91.44,905,11976,0.0,2,6,2.67,30,0,1901,0,792,3.7,0.0,Nacoes Shopping,NS
2025-12-15 00:00:00,2497,222,1223,356,0.0,237,0,3.17,1922,2.89,30421,0.09,3706,88.06,964,24643,0.0,0,3,2.84,27,0,1684,0,614,2.12,0.0,Nacoes Shopping,NS
2025-12-10 00:00:00,2712,191,1318,477,0.0,329,0,2.43,2219,3.05,30615,0.13,4125,93.45,744,24106,0.0,2,10,3.11,55,2,1943,0,780,2.35,0.0,Nacoes Shopping,NS
2025-11-30 00:00:00,1591,12,960,263,0.0,209,0,5.23,971,4.1,19422,0.08,1658,79.69,1015,18575,0.0,0,1,2.67,6,0,990,0,402,1.47,0.0,Nacoes Shopping,NS
2025-11-25 00:00:00,2737,19,1963,1672,0.0,1473,0,2.7,2130,3.59,29275,0.13,3299,105.0,790,27706,0.0,0,3,3.09,18,0,2814,0,2146,2.0,0.0,Nacoes Shopping,NS
2025-11-20 00:00:00,2780,24,2117,1785,0.0,1561,0,5.68,2137,4.86,15321,0.09,2908,74.49,870,14145,0.0,0,0,3.95,4,0,2816,0,2143,3.08,0.0,Nacoes Shopping,NS
2025-12-13 00:00:00,2770,131,1428,482,0.0,350,0,3.13,2143,3.09,29979,0.1,3927,92.54,937,24808,0.0,2,3,3.22,22,0,1881,0,785,2.22,0.0,Nacoes Shopping,NS
2025-12-08 00:00:00,4002,134,1883,726,0.0,533,0,3.6,3284,3.38,29389,0.09,4777,99.44,1057,18819,0.0,0,7,3.95,32,0,2866,0,1131,3.48,0.0,Nacoes Shopping,NS
2025-12-03 00:00:00,2381,21,1259,514,0.0,382,0,4.3,1782,3.2,23820,0.07,2474,76.29,1024,21264,0.0,0,1,2.44,9,1,1908,0,787,1.99,0.0,Nacoes Shopping,NS
2025-11-28 00:00:00,1871,22,915,333,0.0,265,0,2.35,1462,4.14,30427,0.18,2831,125.88,716,29036,0.0,2,2,2.59,15,0,1338,0,551,1.59,0.0,Nacoes Shopping,NS
2025-11-23 00:00:00,3142,6,2082,2126,0.0,1543,0,5.49,2562,4.0,16389,0.07,3409,65.58,900,13391,0.0,1,1,4.1,6,0,3264,0,2637,3.17,0.0,Nacoes Shopping,NS
2025-11-18 00:00:00,1849,27,1534,1338,0.0,1167,0,4.13,1440,4.9,15100,0.12,2111,73.93,624,14121,0.0,0,0,3.02,9,0,1949,0,1468,2.51,0.0,Nacoes Shopping,NS
2025-12-11 00:00:00,2347,155,1190,416,0.0,299,0,2.66,1868,3.28,28815,0.12,3693,94.49,767,23244,0.0,0,4,3.17,25,0,1665,0,710,2.3,0.0,Nacoes Shopping,NS
2025-12-06 00:00:00,2819,186,1410,563,0.0,413,0,3.91,2224,3.74,26033,0.1,3236,97.27,1018,11006,0.0,0,12,2.83,24,3,1833,0,823,3.85,0.0,Nacoes Shopping,NS
2025-12-01 00:00:00,2498,10,1168,406,0.0,303,0,4.94,1905,3.53,19609,0.07,2571,69.13,968,17569,0.0,0,0,3.72,2,0,1833,0,705,2.18,0.0,Nacoes Shopping,NS
2025-11-26 00:00:00,2230,26,1361,984,0.0,819,0,2.27,1723,3.37,35751,0.15,3299,120.58,811,34188,0.0,0,1,2.6,6,0,2174,0,1401,1.58,0.0,Nacoes Shopping,NS
2025-11-21 00:00:00,2353,11,1672,1502,0.0,1181,0,5.52,1823,4.38,15006,0.08,2634,65.77,829,12685,0.0,0,1,3.38,6,0,2497,0,1878,2.74,0.0,Nacoes Shopping,NS
2025-11-16 00:00:00,2776,19,2234,1875,0.0,1557,0,6.28,2009,4.8,16845,0.08,2877,80.79,1058,14288,0.0,0,1,3.84,7,0,2773,0,2056,3.03,0.0,Nacoes Shopping,NS
2025-12-04 00:00:00,3189,159,1540,622,0.0,460,0,3.55,2567,3.12,29208,0.09,3679,91.14,1037,17223,0.0,2,9,3.04,21,0,2353,0,918,2.99,0.0,Nacoes Shopping,NS
2025-11-29 00:00:00,1598,16,806,234,0.0,179,0,2.68,1161,3.89,33029,0.15,2578,128.63,884,31191,0.0,1,2,2.58,14,6,1025,0,411,1.51,0.0,Nacoes Shopping,NS
2025-12-14 00:00:00,3245,120,1621,497,0.0,343,0,3.73,2487,3.03,30583,0.08,4399,92.57,1142,26166,0.0,0,8,3.5,39,0,2216,0,850,2.34,0.0,Nacoes Shopping,NS
2025-12-09 00:00:00,3453,83,1615,639,0.0,421,0,3.35,2861,3.07,30672,0.09,4911,94.18,1027,24774,0.0,0,10,3.67,38,1,2406,0,1025,2.6,0.0,Nacoes Shopping,NS
2025-11-24 00:00:00,2431,8,1909,1584,0.0,1374,0,6.56,1856,4.81,12954,0.07,2481,62.32,850,11277,0.0,0,0,3.88,1,0,2376,0,1866,3.06,0.0,Nacoes Shopping,NS
2025-11-19 00:00:00,2649,28,2198,1798,0.0,1622,0,6.11,1984,5.33,14499,0.09,2720,77.25,886,13729,0.0,0,1,4.12,7,0,2623,0,1943,3.19,0.0,Nacoes Shopping,NS
2025-12-22 00:00:00,2940,144,1511,544,0.0,410,0,3.62,2260,3.04,26926,0.08,3313,81.74,976,12780,0.0,2,7,2.89,19,0,1957,0,852,3.48,0.0,Nacoes Shopping,NS
2025-12-17 00:00:00,2495,240,1204,391,0.0,255,0,2.98,2009,2.97,28140,0.1,2955,83.48,839,10883,0.0,2,5,2.55,26,2,1555,0,663,3.6,0.0,Nacoes Shopping,NS
2026-01-11 00:00:00,0,0,0,0,0.0,0,0,0.0,0,0.0,0,0.0,0,0.0,0,0,0.0,0,0,0.0,0,0,0,0,0,0.0,0.0,Nacoes Shopping,NS
2026-01-06 00:00:00,0,0,0,0,0.0,0,0,0.0,0,0.0,0,0.0,0,0.0,0,1,0.0,0,0,0.0,0,0,0,0,0,0.0,0.0,Nacoes Shopping,NS
2026-01-01 00:00:00,4,1,2,2,0.0,2,0,7.41,4,0.0,54,0.0,10,0.0,4,21,0.0,0,0,2.52,0,0,7,0,4,5.52,0.0,Nacoes Shopping,NS
2025-12-27 00:00:00,4131,147,2111,703,0.0,549,0,4.26,3182,2.55,33573,0.06,4487,85.52,1431,14568,0.0,0,5,3.5,24,2,2878,0,1153,4.23,0.0,Nacoes Shopping,NS
2026-01-09 00:00:00,0,0,0,0,0.0,0,0,0.0,0,0.0,0,0.0,0,0.0,0,0,0.0,0,0,0.0,0,0,0,0,0,0.0,0.0,Nacoes Shopping,NS
2026-01-14 00:00:00,89,17,26,25,0.0,20,0,0.0,89,1.27,9413,0.0,439,11.98,0,9347,0.0,0,0,1.68,1,0,130,0,52,0.96,0.0,Nacoes Shopping,NS
2026-01-04 00:00:00,1,0,1,1,0.0,1,0,0.0,1,0.0,6,0.0,1,0.0,0,5,0.0,0,0,5.95,0,0,1,0,1,4.76,0.0,Nacoes Shopping,NS
2025-12-30 00:00:00,3463,131,1876,425,0.0,318,0,5.55,2378,2.5,29421,0.05,3214,73.63,1634,9628,0.0,2,8,2.93,21,1,2184,0,779,4.49,0.0,Nacoes Shopping,NS
2025-12-25 00:00:00,2846,148,1443,478,0.0,370,0,3.47,2202,2.58,30600,0.07,3367,78.99,1062,14126,0.0,0,7,2.64,23,0,1845,0,798,3.14,0.0,Nacoes Shopping,NS
2025-12-20 00:00:00,2719,137,1293,356,0.0,258,0,3.42,2090,3.29,25104,0.1,2944,82.64,858,11748,0.0,1,4,2.92,17,0,1875,0,647,3.47,0.0,Nacoes Shopping,NS
2026-01-02 00:00:00,3,0,3,1,0.0,1,0,40.0,1,0.0,5,0.0,2,0.0,2,8,0.0,0,0,5.8,0,0,1,0,1,2.17,0.0,Nacoes Shopping,NS
2025-12-28 00:00:00,3856,102,2045,665,0.0,525,0,4.76,2856,2.59,32098,0.05,4269,83.09,1527,15791,0.0,0,8,3.43,26,1,2577,0,1041,3.68,0.0,Nacoes Shopping,NS
2025-12-23 00:00:00,2316,205,1196,386,0.0,269,0,3.01,1784,3.16,25875,0.11,2681,81.88,779,10256,0.0,0,8,2.35,30,1,1541,0,636,3.57,0.0,Nacoes Shopping,NS
2025-12-18 00:00:00,2128,221,1062,263,0.0,176,0,3.35,1567,3.2,25010,0.1,2425,80.14,838,11220,0.0,0,4,2.17,16,1,1377,0,463,2.87,0.0,Nacoes Shopping,NS
2026-01-12 00:00:00,0,0,0,0,0.0,0,0,0.0,0,0.0,0,0.0,0,0.0,0,0,0.0,0,0,0.0,0,0,0,0,0,0.0,0.0,Nacoes Shopping,NS
2026-01-07 00:00:00,0,0,0,0,0.0,0,0,0.0,0,0.0,2,0.0,0,0.0,0,2,0.0,0,0,1.37,0,0,0,0,0,0.69,0.0,Nacoes Shopping,NS
2026-01-10 00:00:00,0,0,0,0,0.0,0,0,0.0,0,0.0,0,0.0,0,0.0,0,0,0.0,0,0,0.0,0,0,0,0,0,0.0,0.0,Nacoes Shopping,NS
2026-01-05 00:00:00,4,0,3,1,0.0,1,0,12.5,3,0.0,8,0.0,4,0.0,1,4,0.0,0,0,19.47,0,0,2,0,2,14.6,0.0,Nacoes Shopping,NS
2025-12-31 00:00:00,2049,123,1155,269,0.0,181,0,5.05,1352,2.32,21654,0.05,1759,50.26,1094,6063,0.0,0,1,2.1,8,2,1286,0,470,4.11,0.0,Nacoes Shopping,NS
2025-12-26 00:00:00,2758,182,1484,500,0.0,376,0,3.28,2043,2.43,30730,0.07,3151,74.82,1008,13227,0.0,2,7,2.47,15,1,1839,0,781,3.27,0.0,Nacoes Shopping,NS
2025-12-21 00:00:00,2575,218,1146,364,0.0,254,0,2.85,2084,2.95,27991,0.1,3131,82.57,799,12235,0.0,0,6,2.58,25,0,1792,0,647,3.3,0.0,Nacoes Shopping,NS
2025-12-16 00:00:00,2106,231,1086,277,0.0,183,0,3.63,1530,2.99,28378,0.08,2848,84.94,1030,18926,0.0,0,10,2.26,23,0,1319,0,484,1.99,0.0,Nacoes Shopping,NS
2026-01-08 00:00:00,0,0,0,0,0.0,0,0,0.0,0,0.0,0,0.0,0,0.0,0,0,0.0,0,0,0.0,0,0,0,0,0,0.0,0.0,Nacoes Shopping,NS
2026-01-03 00:00:00,1,0,0,0,0.0,0,0,0.0,1,0.0,3,0.0,3,0.0,0,4,0.0,0,0,6.52,0,0,1,0,0,4.89,0.0,Nacoes Shopping,NS
2025-12-29 00:00:00,3457,112,1917,603,0.0,430,0,4.7,2501,2.36,33576,0.05,3773,79.37,1579,14917,0.0,0,3,3.07,20,1,2256,0,950,3.49,0.0,Nacoes Shopping,NS
2025-12-24 00:00:00,3297,180,1502,556,0.0,420,0,2.84,2711,2.63,30440,0.09,3949,79.95,866,12294,0.0,2,8,3.02,33,2,2330,0,973,4.06,0.0,Nacoes Shopping,NS
2025-12-19 00:00:00,2579,200,1272,309,0.0,204,0,3.87,1936,3.23,25731,0.08,2761,83.03,996,11558,0.0,1,4,2.62,17,2,1698,0,602,3.21,0.0,Nacoes Shopping,NS
2026-01-13 00:00:00,0,0,0,0,0.0,0,0,0.0,0,0.0,0,0.0,0,0.0,0,0,0.0,0,0,0.0,0,0,0,0,0,0.0,0.0,Nacoes Shopping,NS
2026-01-26 00:00:00,157,27,56,60,0.0,40,0,0.0,164,1.94,14688,0.0,828,28.46,0,14591,0.0,0,0,1.44,9,1,224,0,100,1.02,0.0,Nacoes Shopping,NS
2026-01-21 00:00:00,205,33,67,82,0.0,60,0,0.0,203,1.77,19038,0.0,1115,33.74,0,18910,0.0,0,2,1.76,9,0,280,0,135,1.06,0.0,Nacoes Shopping,NS
2026-02-10 00:00:00,259,19,74,67,0.0,45,0,0.0,260,1.65,11900,0.0,1222,19.58,0,11811,0.0,1,1,2.21,12,1,264,0,104,1.47,0.0,Nacoes Shopping,NS
2026-02-05 00:00:00,673,70,186,118,0.0,82,0,0.0,671,1.97,42084,0.0,3546,83.04,0,41603,0.0,0,4,2.31,33,2,586,0,216,1.28,0.0,Nacoes Shopping,NS
2026-01-31 00:00:00,974,81,292,164,0.0,112,0,0.0,978,1.93,47769,0.0,4760,92.03,0,47407,0.0,5,2,2.75,34,1,752,0,300,1.32,0.0,Nacoes Shopping,NS
2026-01-16 00:00:00,209,33,73,81,0.0,55,0,0.0,209,1.65,20387,0.0,1230,33.66,0,20253,0.0,0,0,1.76,5,0,303,0,142,1.04,0.0,Nacoes Shopping,NS
2026-01-19 00:00:00,208,29,76,73,0.0,55,0,0.0,211,1.82,17300,0.0,1156,31.47,0,17176,0.0,0,1,1.64,9,0,281,0,127,1.1,0.0,Nacoes Shopping,NS
2026-01-24 00:00:00,167,28,53,59,0.0,38,0,0.0,170,1.74,17731,0.0,1012,30.78,0,17623,0.0,0,1,1.57,8,0,242,0,92,1.02,0.0,Nacoes Shopping,NS
2026-02-13 00:00:00,222,22,70,52,0.0,40,0,0.0,216,1.7,10651,0.0,1103,18.12,0,10548,0.0,0,4,1.87,16,0,240,0,90,1.36,0.0,Nacoes Shopping,NS
2026-02-08 00:00:00,389,37,126,87,0.0,68,0,0.0,384,1.86,16942,0.0,1968,31.43,0,16756,0.0,1,3,1.86,20,0,368,0,159,1.4,0.0,Nacoes Shopping,NS
2026-02-03 00:00:00,705,101,210,143,0.0,102,0,0.0,709,2.02,40649,0.0,3535,82.03,0,40085,0.0,0,8,2.01,36,2,590,0,231,1.29,0.0,Nacoes Shopping,NS
2026-01-29 00:00:00,588,71,163,105,0.0,71,0,0.0,580,1.65,31480,0.0,2986,52.07,0,31284,0.0,0,6,2.96,34,0,509,0,182,1.26,0.0,Nacoes Shopping,NS
2026-01-27 00:00:00,272,34,96,73,0.0,51,0,0.0,264,1.78,14869,0.0,1356,26.41,0,14760,0.0,1,2,2.02,14,0,314,0,131,1.26,0.0,Nacoes Shopping,NS
2026-01-22 00:00:00,163,31,42,70,0.0,47,0,0.0,168,1.61,19593,0.0,992,31.49,0,19471,0.0,0,1,1.69,7,0,251,0,110,0.96,0.0,Nacoes Shopping,NS
2026-01-17 00:00:00,246,32,84,85,0.0,65,0,0.0,243,1.64,20552,0.0,1323,33.8,0,20394,0.0,0,3,1.75,12,0,371,0,141,1.08,0.0,Nacoes Shopping,NS
2026-02-11 00:00:00,210,29,55,46,0.0,31,0,0.0,210,1.51,12188,0.0,1091,18.44,0,12087,0.0,1,2,1.9,9,0,243,0,84,1.27,0.0,Nacoes Shopping,NS
2026-02-06 00:00:00,730,79,208,118,0.0,87,0,0.0,726,1.82,43683,0.0,3566,79.32,0,43254,0.0,0,10,2.34,48,0,567,0,203,1.24,0.0,Nacoes Shopping,NS
2026-02-01 00:00:00,1003,93,268,161,0.0,113,0,0.0,1009,1.69,50195,0.0,4896,84.8,0,49635,0.0,1,7,2.4,50,1,822,0,302,1.31,0.0,Nacoes Shopping,NS
2026-02-09 00:00:00,251,34,82,84,0.0,55,0,0.0,253,2.03,9109,0.0,1256,18.45,0,9019,0.0,0,4,1.9,18,1,299,0,123,1.58,0.0,Nacoes Shopping,NS
2026-02-04 00:00:00,760,71,220,156,0.0,109,0,0.0,756,2.08,39335,0.0,3729,81.69,0,38899,0.0,3,5,2.41,32,1,626,0,259,1.6,0.0,Nacoes Shopping,NS
2026-01-30 00:00:00,936,101,278,154,0.0,98,0,0.0,934,1.86,52380,0.0,4944,97.28,0,51967,0.0,2,7,2.81,66,1,728,0,279,1.27,0.0,Nacoes Shopping,NS
2026-01-25 00:00:00,213,31,78,86,0.0,60,0,0.0,216,1.57,18244,0.0,1073,28.72,0,18117,0.0,0,2,1.59,7,0,308,0,138,1.05,0.0,Nacoes Shopping,NS
2026-01-20 00:00:00,203,30,76,87,0.0,65,0,0.0,207,2.02,15140,0.0,1047,30.59,0,15018,0.0,0,0,1.52,6,0,280,0,126,1.1,0.0,Nacoes Shopping,NS
2026-01-15 00:00:00,239,36,78,89,0.0,68,0,0.0,244,1.61,21494,0.0,1232,34.65,0,21348,0.0,0,1,1.9,3,0,365,0,159,1.04,0.0,Nacoes Shopping,NS
2026-02-02 00:00:00,845,98,252,154,0.0,98,0,0.0,841,1.82,45254,0.0,4217,82.54,0,44634,0.0,3,6,2.08,46,2,706,0,272,1.31,0.0,Nacoes Shopping,NS
2026-01-28 00:00:00,378,37,111,93,0.0,67,0,0.0,363,1.55,19483,0.0,2021,30.18,0,19384,0.0,1,2,2.61,29,0,405,0,165,1.28,0.0,Nacoes Shopping,NS
2026-02-12 00:00:00,217,28,64,58,0.0,37,0,0.0,213,1.59,11286,0.0,1025,18.0,0,11152,0.0,0,5,1.73,12,0,242,0,107,1.27,0.0,Nacoes Shopping,NS
2026-02-07 00:00:00,608,57,177,127,0.0,85,0,0.0,604,1.93,32928,0.0,2992,63.57,0,32582,0.0,0,5,2.43,30,1,549,0,210,1.45,0.0,Nacoes Shopping,NS
2026-01-23 00:00:00,195,33,61,65,0.0,47,0,0.0,189,1.66,18274,0.0,955,30.4,0,18143,0.0,1,3,1.61,14,0,260,0,107,1.0,0.0,Nacoes Shopping,NS
2026-01-18 00:00:00,264,43,94,95,0.0,64,0,0.0,272,1.65,20265,0.0,1308,33.46,0,20113,0.0,0,1,1.71,8,0,339,0,165,1.11,0.0,Nacoes Shopping,NS
2026-03-02 00:00:00,0,0,0,0,0.0,0,0,0.0,0,0.0,0,0.0,0,0.0,0,0,0.0,0,0,0.0,0,0,0,0,0,0.0,0.0,Nacoes Shopping,NS
2026-02-25 00:00:00,44,5,15,8,0.0,6,0,0.0,43,1.59,2044,0.0,211,3.25,0,2040,0.0,0,1,1.8,3,1,39,0,16,1.36,0.0,Nacoes Shopping,NS
2026-02-20 00:00:00,170,16,44,45,0.0,31,0,0.0,165,1.69,8981,0.0,901,15.15,0,8912,0.0,2,2,1.69,4,0,182,0,73,1.29,0.0,Nacoes Shopping,NS
2026-02-15 00:00:00,266,19,92,67,0.0,40,0,0.0,264,1.88,8968,0.0,1206,16.9,0,8869,0.0,0,6,1.96,7,0,280,0,115,1.5,0.0,Nacoes Shopping,NS
2026-03-03 00:00:00,0,0,0,0,0.0,0,0,0.0,0,0.0,0,0.0,0,0.0,0,0,0.0,0,0,0.0,0,0,0,0,0,0.0,0.0,Nacoes Shopping,NS
2026-02-21 00:00:00,185,19,53,36,0.0,24,0,0.0,178,1.72,8479,0.0,916,14.61,0,8444,0.0,0,4,1.82,11,0,189,0,71,1.36,0.0,Nacoes Shopping,NS
2026-02-16 00:00:00,202,23,59,43,0.0,34,0,0.0,200,1.89,8598,0.0,1010,16.27,0,8489,0.0,1,4,1.77,7,1,215,0,72,1.44,0.0,Nacoes Shopping,NS
2026-02-24 00:00:00,105,10,30,26,0.0,18,0,0.0,103,1.66,6869,0.0,622,11.38,0,6825,0.0,2,0,1.76,3,0,117,0,42,1.23,0.0,Nacoes Shopping,NS
2026-02-19 00:00:00,169,22,52,48,0.0,33,0,0.0,169,1.53,10159,0.0,878,15.54,0,10070,0.0,0,2,1.71,7,0,178,0,76,1.28,0.0,Nacoes Shopping,NS
2026-02-14 00:00:00,281,19,93,73,0.0,52,0,0.0,268,1.76,10271,0.0,1321,18.04,0,10200,0.0,1,4,2.09,13,2,296,0,129,1.51,0.0,Nacoes Shopping,NS
2026-03-06 00:00:00,0,0,0,0,0.0,0,0,0.0,0,0.0,0,0.0,0,0.0,0,0,0.0,0,0,0.0,0,0,0,0,0,0.0,0.0,Nacoes Shopping,NS
2026-03-12 00:00:00,0,0,0,0,0.0,0,0,0.0,0,0.0,0,0.0,0,0.0,0,0,0.0,0,0,0.0,0,0,0,0,0,0.0,0.0,Nacoes Shopping,NS
2026-03-05 00:00:00,0,0,0,0,0.0,0,0,0.0,0,0.0,0,0.0,0,0.0,0,0,0.0,0,0,0.0,0,0,0,0,0,0.0,0.0,Nacoes Shopping,NS
2026-02-23 00:00:00,105,2,23,18,0.0,9,0,0.0,100,2.13,5650,0.0,574,12.04,0,5594,0.0,0,1,1.52,4,0,107,0,35,1.26,0.0,Nacoes Shopping,NS
2026-02-18 00:00:00,154,15,43,35,0.0,22,0,0.0,151,1.39,11417,0.0,879,15.84,0,11338,0.0,0,1,1.73,5,0,145,0,59,1.18,0.0,Nacoes Shopping,NS
2026-03-09 00:00:00,0,0,0,0,0.0,0,0,0.0,0,0.0,0,0.0,0,0.0,0,0,0.0,0,0,0.0,0,0,0,0,0,0.0,0.0,Nacoes Shopping,NS
2026-03-04 00:00:00,0,0,0,0,0.0,0,0,0.0,0,0.0,0,0.0,0,0.0,0,0,0.0,0,0,0.0,0,0,0,0,0,0.0,0.0,Nacoes Shopping,NS
2026-02-27 00:00:00,0,0,0,0,0.0,0,0,0.0,0,0.0,0,0.0,0,0.0,0,0,0.0,0,0,0.0,0,0,0,0,0,0.0,0.0,Nacoes Shopping,NS
2026-02-22 00:00:00,172,11,63,40,0.0,25,0,0.0,164,1.72,7699,0.0,828,13.25,0,7620,0.0,0,3,1.74,11,0,181,0,72,1.36,0.0,Nacoes Shopping,NS
2026-02-17 00:00:00,223,17,72,51,0.0,34,0,0.0,219,1.49,11534,0.0,1084,17.24,0,11440,0.0,0,3,2.02,9,0,215,0,88,1.37,0.0,Nacoes Shopping,NS
